<pkgref spec="1.12" uuid="405DE819-24DC-406C-A9F8-4ED37BA1C1D6">
  <config>
    <identifier>org.insecure.nmap.Ncat.pkg</identifier>
    <version>1</version>
    <description />
    <post-install type="none" />
    <requireAuthorization />
    <installFrom relative="true" includeRoot="false">Ncat</installFrom>
    <installTo>/</installTo>
    <flags>
      <followSymbolicLinks />
    </flags>
    <packageStore type="internal" />
    <mod>parent</mod>
    <mod>installFrom.isRelativeType</mod>
  </config>
  <contents>
    <file-list>03ncat-contents.xml</file-list>
    <filter>/CVS$</filter>
    <filter>/\.svn$</filter>
    <filter>/\.cvsignore$</filter>
    <filter>/\.cvspass$</filter>
    <filter>/\.DS_Store$</filter>
  </contents>
</pkgref>
